National ID,First Name,Family Name,Middle Name,Date of Birth,Gender,Telephone
123456789,John,Doe,William,1980-05-15,Male,555-555-5555
987654321,Jane,Smith,Louise,1975-09-12,F,-
-,Mark,Jones,Paul,1990-06-25,Male,555-999-8888
345678901,Robert,Lee,Edward,1985-01-07,M,-
876543210,Emily,Brown,Kate,1982-12-18,Female,-
-,Jon,Doe,William,1980-05-15,Male,555-555-5555
987654321,Jane,Smith,Louisa,1975-09-12,Female,555-123-4567
234567890,Mark,Jones,Paul,1990-06-25,Male,555-999-8888
-,Rob,Lee,Edward,1985-01-07,M,555-777-6666
876543210,Emily,Brown,Kate,1982-12-18,Femal,-
123456789,John,Doe,William,1980-05-15,M,-
-,Jane,Smith,Louise,1975-09-12,Female,555-123-4567
234567890,Mark,Jones,Paul,1990-06-25,Male,555-999-8888
345678901,Robert,Lee,Edward,1985-01-07,Male,555-777-6666
876543210,Emily,Brown,Kate,1982-12-18,Female,-
-,Jon,Doe,William,1980-05-15,Mal,555-555-5555
-,Jane,Smith,Louisa,1975-09-12,F,555-123-4567
234567890,Mark,Jones,Paul,1990-06-25,M,-
345678901,Rob,Lee,Edward,1985-01-07,Male,555-777-6666
-,Emily,Brown,Kate,1982-12-18,Female,555-333-2222
-,Jonathan,Doe,Will,1980-05-15,Male,555-555-5555
987654320,Janet,Smith,Louise,1975-09-12,Female,555-123-4567
-,Marcus,Jones,Paul,1990-06-25,Male,555-999-8888
345678902,Roberto,Lee,Edward,1985-01-07,Male,555-777-6666
876543211,Emma,Brown,Kate,1982-12-18,Female,-
-,John,Doe,William,1980-05-15,Mal,555-555-5555
987654320,Jayne,Smith,Louisa,1975-09-12,F,555-123-4567
234567891,Markus,Jones,Paul,1990-06-25,M,-
345678902,Robby,Lee,Edward,1985-01-07,Mal,555-777-6666
-,Emilia,Brown,Kate,1982-12-18,Female,555-333-2222
-,Jonathon,Doe,Will,1980-05-15,Male,555-555-5555
-,Jayson,Smith,Louise,1975-09-12,Femal,-
234567891,Marco,Jones,Paul,1990-06-25,Male,555-999-8888
345678902,Robin,Lee,Edward,1985-01-07,Male,555-777-6666
-,Emilie,Brown,Kate,1982-12-18,Femal,-
-,John,Dow,William,1980-05-15,M,555-555-5555
987654322,Jana,Smith,Louise,1975-09-12,Female,555-123-4567